From,To,Estimate,Std_Coefficient,P_Value
total_flowers,bee_abundance,0.23878601905936422,0.24512088827089704,4.8710115069527937e-4
flower_richness,bee_richness,0.34933701573216847,0.3702519226346611,7.064561335923258e-8
mean_temp,flower_richness,0.2090674527139255,0.20906744152097356,0.026487562046697333
