Site_Type,n,mean_bees,mean_flowers,mean_traffic
Negative,44,0.25,35.84090909090909,99.31818181818184
Treatment,63,7.4603174603174605,237.06349206349208,118.31746031746033
