From,To,Estimate,Std_Coefficient,P_Value
total_flowers,bee_abundance,0.24425998475228813,0.251005061092783,0.00033654279405181953
flower_richness,bee_richness,0.35795440464640116,0.3798016885457185,3.273426973926519e-8
total_traffic,flower_richness,-0.22233940749119355,-0.22233932646834637,0.04665704628169043
