From,To,Estimate,Std_Coefficient,P_Value
flower_richness,bee_richness,0.27120749361866475,0.2907560129549125,4.885664987241967e-6
total_traffic,total_flowers,0.2989406150372153,0.2989406110923579,0.004181477455538873
mean_temp,total_flowers,-0.28536631220844966,-0.28536630260449525,0.0016047853026062153
mean_temp,flower_richness,0.21611358212566498,0.21611355459365328,0.021531748809820783
