Site_Type,n,mean_bees,mean_flowers,mean_traffic
Negative,44,0.25,32.81818181818182,99.31818181818184
Treatment,63,7.4603174603174605,106.03174603174604,118.31746031746033
