Site_Type,n,mean_bees,mean_flowers,mean_traffic
Negative,44,0.25,35.84090909090909,94.68181818181816
Treatment,61,7.311475409836067,241,117.75409836065576
