Location,500m_radius_impermeability_excl_water
DT1,0.93442
DN1,0.85238
DP1,0.90163
DT2,0.87038
DN2,0.88867
DP2,0.85780
DP3,0.96430
DP4,0.95875
DT3,0.99655
DN3,0.99705
GN1,0.73611
GT1,0.74312
GP1,0.45152
GT2,0.58952
GN2,0.54831
GP3,0.53026
GT3,0.87571
GN3,0.87528
