Location,500m_radius_impermeability_excl_water
DT1,0.93442
DT2,0.87038
DN2,0.88867
DP2,0.85780
DP3,0.96430
DP4,0.95875
GN1,0.73611
GT1,0.74312
GT2,0.58952
GN2,0.54831
GP3,0.53026
GT3,0.87571
